{"Train/iou": 0.3151438560005088, "_timestamp": 1705675057.617963, "_runtime": 56627.427940130234, "_step": 1739, "Train/Loss": 0.6317383050918579, "Validation/iou": 0.2758907901982933, "Validation/Loss": 0.7643277645111084}