{"Train/iou": 0.007689339773995536, "_timestamp": 1706030732.9019964, "_runtime": 37.51599836349487, "_step": 39, "Train/Loss": 2.086583137512207, "Validation/iou": 0.006489753723144531, "Validation/Loss": 2.078202486038208, "_wandb": {"runtime": 36}}