{"Train/accuracy": 0.4419287018486451, "Train/iou": 0.11111111111111253, "Train/dice": 0.08704590256444855, "_timestamp": 1705617345.8774016, "_runtime": 4812.615923643112, "_step": 155, "Train/Loss": 0.7675186991691589, "Validation/accuracy": 0.4469614028930664, "Validation/iou": 0.11111111111111095, "Validation/dice": 0.08413273668625092, "Validation/Loss": 0.7633804082870483, "_wandb": {"runtime": 4856}}