{"Train/accuracy": 0.4633026123046875, "Train/iou": 0.1111111111111111, "Train/dice": 0.6219880154911329, "_timestamp": 1705612484.7771366, "_runtime": 19.800405502319336, "_step": 91, "Train/Loss": 1.9244005680084229, "Validation/accuracy": 0.5590667724609375, "Validation/iou": 0.1111111111111111, "Validation/dice": 0.9409452891201764, "Validation/Loss": 1.9507808685302734, "_wandb": {"runtime": 19}}