{"Train/iou": 0.07759351474241558, "_timestamp": 1706032813.278668, "_runtime": 1040.8464000225067, "_step": 7, "Train/Loss": 1.1943336725234985, "Validation/iou": 0.07704336337854187, "Validation/Loss": 1.243152379989624}