{"Train/iou": 0.021808991700453303, "_timestamp": 1705618329.8563914, "_runtime": 5.318349361419678, "_step": 1, "Train/Loss": 2.2674686908721924, "_wandb": {"runtime": 4}}