{"Train/iou": 0.2383109026539694, "_timestamp": 1706042369.8186536, "_runtime": 9282.247138500214, "_step": 599, "Train/Loss": 0.9089515805244446, "Validation/iou": 0.20375786426709197, "Validation/Loss": 0.8760873675346375, "_wandb": {"runtime": 9315}}