{"Train/iou": 0.24281445095319298, "_timestamp": 1706042308.6957958, "_runtime": 9221.124280691147, "_step": 595, "Train/Loss": 0.6424021124839783, "Validation/iou": 0.22630840762015778, "Validation/Loss": 0.8395808935165405}